{
    "$3": {
        "initial_balance": 3,
        "exchange": "binance_futures",
        "leverage": 5,
        "symbol": "DOGEUSDT",
        "timeframe": "15m",
        "strategy": "hybrid",
        "risk_level": "ultra_conservative",
        "max_open_trades": 1,
        "position_sizing": {
            "method": "kelly_partial",
            "fraction": 0.3
        },
        "safety_orders": {
            "enabled": false,
            "max_safety_orders": 0,
            "martingale_volume_coefficient": 1.0,
            "martingale_step_coefficient": 1.0
        },
        "take_profit": {
            "enabled": true,
            "tp_percent": 0.8
        },
        "stop_loss": {
            "enabled": true,
            "sl_percent": 3.0
        },
        "trailing": {
            "enabled": true,
            "trailing_percent": 0.2
        },
        "session": {
            "active_hours_only": true,
            "session_hours": "07:00-21:00"
        },
        "confidence_threshold": 75,
        "vps": "1GB"
    },
    "$5": {
        "initial_balance": 5,
        "exchange": "binance_futures",
        "leverage": 5,
        "symbols": ["DOGEUSDT", "BTCUSDT", "ETHUSDT", "BNBUSDT", "ADAUSDT", "SOLUSDT", "MATICUSDT", "AVAXUSDT", "DOTUSDT", "LINKUSDT"],
        "timeframe": "15m",
        "strategy": "hybrid",
        "risk_level": "ultra_conservative",
        "max_open_trades": 2,
        "confidence_threshold": 70,
        "high_confidence_threshold": 80,
        "max_high_confidence_positions": 1,
        "different_symbols_only": true,
        "portfolio_heat_limit": 10,
        "position_sizing": {
            "method": "kelly_partial",
            "fraction": 0.4
        },
        "safety_orders": {
            "enabled": false,
            "max_safety_orders": 0,
            "martingale_volume_coefficient": 1.0,
            "martingale_step_coefficient": 1.0
        },
        "take_profit": {
            "enabled": true,
            "tp_percent": 0.8
        },
        "stop_loss": {
            "enabled": true,
            "sl_percent": 3.0
        },
        "trailing": {
            "enabled": true,
            "trailing_percent": 0.2
        },
        "session": {
            "active_hours_only": true,
            "session_hours": "07:00-21:00"
        },
        "confidence_threshold": 75,
        "vps": "1GB"
    },
    "$7": {
        "initial_balance": 7,
        "exchange": "binance_futures",
        "leverage": 5,
        "symbols": ["DOGEUSDT", "BTCUSDT", "ETHUSDT", "BNBUSDT", "ADAUSDT", "SOLUSDT", "MATICUSDT", "AVAXUSDT", "DOTUSDT", "LINKUSDT"],
        "timeframe": "15m",
        "strategy": "hybrid",
        "risk_level": "ultra_conservative",
        "max_open_trades": 2,
        "confidence_threshold": 70,
        "high_confidence_threshold": 80,
        "max_high_confidence_positions": 1,
        "different_symbols_only": true,
        "portfolio_heat_limit": 10,
        "position_sizing": {
            "method": "kelly_partial",
            "fraction": 0.5
        },
        "safety_orders": {
            "enabled": false,
            "max_safety_orders": 0,
            "martingale_volume_coefficient": 1.0,
            "martingale_step_coefficient": 1.0
        },
        "take_profit": {
            "enabled": true,
            "tp_percent": 0.8
        },
        "stop_loss": {
            "enabled": true,
            "sl_percent": 3.0
        },
        "trailing": {
            "enabled": true,
            "trailing_percent": 0.2
        },
        "session": {
            "active_hours_only": true,
            "session_hours": "07:00-21:00"
        },
        "confidence_threshold": 75,
        "vps": "1GB"
    },
    "$10": {
        "initial_balance": 10,
        "exchange": "binance_futures",
        "leverage": 5,
        "symbols": ["DOGEUSDT", "BTCUSDT", "ETHUSDT", "BNBUSDT", "ADAUSDT", "SOLUSDT", "MATICUSDT", "AVAXUSDT", "DOTUSDT", "LINKUSDT"],
        "timeframe": "15m",
        "strategy": "hybrid",
        "risk_level": "very_conservative",
        "max_open_trades": 2,
        "confidence_threshold": 70,
        "high_confidence_threshold": 80,
        "max_high_confidence_positions": 1,
        "different_symbols_only": true,
        "portfolio_heat_limit": 10,
        "position_sizing": {
            "method": "kelly_partial",
            "fraction": 0.6
        },
        "safety_orders": {
            "enabled": false,
            "max_safety_orders": 0,
            "martingale_volume_coefficient": 1.0,
            "martingale_step_coefficient": 1.0
        },
        "take_profit": {
            "enabled": true,
            "tp_percent": 1.0
        },
        "stop_loss": {
            "enabled": true,
            "sl_percent": 4.0
        },
        "trailing": {
            "enabled": true,
            "trailing_percent": 0.25
        },
        "session": {
            "active_hours_only": true,
            "session_hours": "07:00-21:00"
        },
        "confidence_threshold": 70,
        "vps": "1GB"
    },
    "$15": {
        "initial_balance": 15,
        "exchange": "binance_futures",
        "leverage": 5,
        "symbols": ["DOGEUSDT", "BTCUSDT", "ETHUSDT", "BNBUSDT", "ADAUSDT", "SOLUSDT", "MATICUSDT", "AVAXUSDT", "DOTUSDT", "LINKUSDT"],
        "timeframe": "15m",
        "strategy": "hybrid",
        "risk_level": "very_conservative",
        "max_open_trades": 2,
        "confidence_threshold": 70,
        "high_confidence_threshold": 80,
        "max_high_confidence_positions": 1,
        "different_symbols_only": true,
        "portfolio_heat_limit": 10,
        "position_sizing": {
            "method": "kelly_partial",
            "fraction": 0.7
        },
        "safety_orders": {
            "enabled": false,
            "max_safety_orders": 0,
            "martingale_volume_coefficient": 1.0,
            "martingale_step_coefficient": 1.0
        },
        "take_profit": {
            "enabled": true,
            "tp_percent": 1.0
        },
        "stop_loss": {
            "enabled": true,
            "sl_percent": 4.0
        },
        "trailing": {
            "enabled": true,
            "trailing_percent": 0.25
        },
        "session": {
            "active_hours_only": true,
            "session_hours": "07:00-21:00"
        },
        "confidence_threshold": 70,
        "vps": "1GB"
    },
    "$20": {
        "initial_balance": 20,
        "exchange": "binance_futures",
        "leverage": 5,
        "symbols": ["DOGEUSDT", "BTCUSDT", "ETHUSDT", "BNBUSDT", "ADAUSDT", "SOLUSDT", "MATICUSDT", "AVAXUSDT", "DOTUSDT", "LINKUSDT"],
        "timeframe": "15m",
        "strategy": "hybrid",
        "risk_level": "moderate",
        "max_open_trades": 3,
        "confidence_threshold": 65,
        "high_confidence_threshold": 75,
        "max_high_confidence_positions": 2,
        "different_symbols_only": true,
        "portfolio_heat_limit": 12,
        "position_sizing": {
            "method": "kelly_partial",
            "fraction": 0.8
        },
        "safety_orders": {
            "enabled": false,
            "max_safety_orders": 0,
            "martingale_volume_coefficient": 1.0,
            "martingale_step_coefficient": 1.0
        },
        "take_profit": {
            "enabled": true,
            "tp_percent": 1.2
        },
        "stop_loss": {
            "enabled": true,
            "sl_percent": 5.0
        },
        "trailing": {
            "enabled": true,
            "trailing_percent": 0.3
        },
        "session": {
            "active_hours_only": true,
            "session_hours": "07:00-21:00"
        },
        "confidence_threshold": 65,
        "vps": "1GB"
    },
    "$30": {
        "initial_balance": 30,
        "exchange": "binance_futures",
        "leverage": 10,
        "symbol": "BTCUSDT",
        "timeframe": "5m",
        "strategy": "hybrid",
        "risk_level": "balanced",
        "max_open_trades": 3,
        "high_confidence_threshold": 80,
        "max_high_confidence_positions": 1,
        "different_symbols_only": true,
        "portfolio_heat_limit": 12,
        "position_sizing": {
            "method": "fixed_fraction",
            "fraction": 0.5
        },
        "safety_orders": {
            "enabled": true,
            "max_safety_orders": 3,
            "martingale_volume_coefficient": 1.2,
            "martingale_step_coefficient": 1.1
        },
        "take_profit": {
            "enabled": true,
            "tp_percent": 1.5
        },
        "stop_loss": {
            "enabled": true,
            "sl_percent": 7.0
        },
        "trailing": {
            "enabled": true,
            "trailing_percent": 0.3
        },
        "session": {
            "active_hours_only": false,
            "session_hours": "00:00-23:59"
        },
        "vps": "1GB"
    },
    "$40": {
        "initial_balance": 40,
        "exchange": "binance_futures",
        "leverage": 10,
        "symbol": "BTCUSDT",
        "timeframe": "5m",
        "strategy": "hybrid",
        "risk_level": "balanced",
        "max_open_trades": 3,
        "high_confidence_threshold": 80,
        "max_high_confidence_positions": 1,
        "different_symbols_only": true,
        "portfolio_heat_limit": 12,
        "position_sizing": {
            "method": "fixed_fraction",
            "fraction": 0.5
        },
        "safety_orders": {
            "enabled": true,
            "max_safety_orders": 3,
            "martingale_volume_coefficient": 1.2,
            "martingale_step_coefficient": 1.1
        },
        "take_profit": {
            "enabled": true,
            "tp_percent": 1.5
        },
        "stop_loss": {
            "enabled": true,
            "sl_percent": 7.0
        },
        "trailing": {
            "enabled": true,
            "trailing_percent": 0.3
        },
        "session": {
            "active_hours_only": false,
            "session_hours": "00:00-23:59"
        },
        "vps": "1GB"
    },
    "$50": {
        "initial_balance": 50,
        "exchange": "binance_futures",
        "leverage": 10,
        "symbol": "BTCUSDT",
        "timeframe": "5m",
        "strategy": "hybrid",
        "risk_level": "balanced",
        "max_open_trades": 3,
        "high_confidence_threshold": 80,
        "max_high_confidence_positions": 1,
        "different_symbols_only": true,
        "portfolio_heat_limit": 12,
        "position_sizing": {
            "method": "fixed_fraction",
            "fraction": 0.3
        },
        "safety_orders": {
            "enabled": true,
            "max_safety_orders": 5,
            "martingale_volume_coefficient": 1.2,
            "martingale_step_coefficient": 1.1
        },
        "take_profit": {
            "enabled": true,
            "tp_percent": 1.5
        },
        "stop_loss": {
            "enabled": true,
            "sl_percent": 7.0
        },
        "trailing": {
            "enabled": true,
            "trailing_percent": 0.3
        },
        "session": {
            "active_hours_only": false,
            "session_hours": "00:00-23:59"
        },
        "vps": "1GB"
    },
    "$60": {
        "initial_balance": 60,
        "exchange": "binance_futures",
        "leverage": 10,
        "symbol": "BTCUSDT",
        "timeframe": "5m",
        "strategy": "hybrid",
        "risk_level": "balanced_plus",
        "max_open_trades": 4,
        "high_confidence_threshold": 80,
        "max_high_confidence_positions": 1,
        "different_symbols_only": true,
        "portfolio_heat_limit": 12,
        "position_sizing": {
            "method": "fixed_fraction",
            "fraction": 0.3
        },
        "safety_orders": {
            "enabled": true,
            "max_safety_orders": 5,
            "martingale_volume_coefficient": 1.2,
            "martingale_step_coefficient": 1.1
        },
        "take_profit": {
            "enabled": true,
            "tp_percent": 1.5
        },
        "stop_loss": {
            "enabled": true,
            "sl_percent": 7.0
        },
        "trailing": {
            "enabled": true,
            "trailing_percent": 0.3
        },
        "session": {
            "active_hours_only": false,
            "session_hours": "00:00-23:59"
        },
        "vps": "2GB+"
    },
    "$75": {
        "initial_balance": 75,
        "exchange": "binance_futures",
        "leverage": 10,
        "symbol": "BTCUSDT",
        "timeframe": "5m",
        "strategy": "hybrid",
        "risk_level": "balanced_plus",
        "max_open_trades": 4,
        "high_confidence_threshold": 80,
        "max_high_confidence_positions": 1,
        "different_symbols_only": true,
        "portfolio_heat_limit": 12,
        "position_sizing": {
            "method": "fixed_fraction",
            "fraction": 0.3
        },
        "safety_orders": {
            "enabled": true,
            "max_safety_orders": 5,
            "martingale_volume_coefficient": 1.2,
            "martingale_step_coefficient": 1.1
        },
        "take_profit": {
            "enabled": true,
            "tp_percent": 1.5
        },
        "stop_loss": {
            "enabled": true,
            "sl_percent": 7.0
        },
        "trailing": {
            "enabled": true,
            "trailing_percent": 0.3
        },
        "session": {
            "active_hours_only": false,
            "session_hours": "00:00-23:59"
        },
        "vps": "2GB+"
    },
    "$100": {
        "initial_balance": 100,
        "exchange": "binance_futures",
        "leverage": 10,
        "symbol": "BTCUSDT",
        "timeframe": "5m",
        "strategy": "hybrid_max",
        "risk_level": "full_aggressive",
        "max_open_trades": 5,
        "high_confidence_threshold": 80,
        "max_high_confidence_positions": 1,
        "different_symbols_only": true,
        "portfolio_heat_limit": 12,
        "position_sizing": {
            "method": "fixed_fraction",
            "fraction": 0.3
        },
        "safety_orders": {
            "enabled": true,
            "max_safety_orders": 5,
            "martingale_volume_coefficient": 1.2,
            "martingale_step_coefficient": 1.1
        },
        "take_profit": {
            "enabled": true,
            "tp_percent": 1.5
        },
        "stop_loss": {
            "enabled": true,
            "sl_percent": 7.0
        },
        "trailing": {
            "enabled": true,
            "trailing_percent": 0.3
        },
        "session": {
            "active_hours_only": false,
            "session_hours": "00:00-23:59"
        },
        "vps": "2GB+"
    },
    "$150": {
        "initial_balance": 150,
        "exchange": "binance_futures",
        "leverage": 10,
        "symbol": "BTCUSDT",
        "timeframe": "5m",
        "strategy": "hybrid_max",
        "risk_level": "full_aggressive",
        "max_open_trades": 5,
        "position_sizing": {
            "method": "fixed_fraction",
            "fraction": 0.3
        },
        "safety_orders": {
            "enabled": true,
            "max_safety_orders": 5,
            "martingale_volume_coefficient": 1.2,
            "martingale_step_coefficient": 1.1
        },
        "take_profit": {
            "enabled": true,
            "tp_percent": 1.5
        },
        "stop_loss": {
            "enabled": true,
            "sl_percent": 7.0
        },
        "trailing": {
            "enabled": true,
            "trailing_percent": 0.3
        },
        "session": {
            "active_hours_only": false,
            "session_hours": "00:00-23:59"
        },
        "vps": "2GB+"
    }
}